{"num_epochs": 10, "train_losses": [0.6171245491393259, 0.558906622857691, 0.5382801155063593, 0.5027660075749192, 0.4878104538003975, 0.4627842663604522, 0.4322387709795872, 0.41304263765009763, 0.3826002411056902, 0.35444059390052457], "val_losses": [0.509006256642549, 0.4566729522269705, 0.4302653644395911, 0.4116270133982534, 0.39579118010790454, 0.378204882144928, 0.3654895884835202, 0.34764426136794296, 0.33605272549649945, 0.3253094132827676]}