{"num_epochs": 10, "train_losses": [0.578464682690981, 0.5534599181718942, 0.5349438048717452, 0.5044281598998279, 0.5060532397431571, 0.4813483800829911, 0.4598983586197946, 0.47796438166462796, 0.4676595471072488, 0.44563491442581504], "val_losses": [0.5155441827244229, 0.49301090008682674, 0.4951587948534224, 0.4858458803759681, 0.47228967646757763, 0.4372447596655952, 0.5419284386767281, 0.49045438236660427, 0.5350376160608398, 0.4865807241035832]}